,variable,mape,smape
0,RemediMax,0.3311659166223819,0.2082814747213213
1,VitaFlux,0.3875884048249392,0.2827950009297676
2,SynaptraZol,0.4134669151752555,0.20790015466039055
3,NeuroRevive,0.4961571651683564,0.35125304351450887
4,Immunoxen,0.32726495251688925,0.21300294279640047
5,RemediSol,0.35669638254944014,0.29200808833876185
6,Vitalisol,1.0395121689721443,0.46763983470986537
7,RestoraZen,0.926311460355894,0.4678602419306029
