,variable,mape,smape
0,RemediMax,0.3452579125538603,0.22721350352579753
1,VitaFlux,0.37699260493960046,0.27441034752361537
2,SynaptraZol,0.4389365701302877,0.27914212922285114
3,NeuroRevive,0.5088029512977768,0.2759452008048328
4,Immunoxen,0.47298298320189736,0.2801849773146365
5,RemediSol,0.43208257353914237,0.26938607647427126
6,Vitalisol,1.425266824026063,0.5282852250811118
7,RestoraZen,0.8462428652739105,0.3407842866674251
